Date,Open,High,Low,Close
06/25/2021,3991.23,4012.51,3983.9,4006.67
06/25/2021,3991.23,4012.51,3983.9,4006.67
06/25/2021,3991.23,4012.51,3983.9,4006.67
06/24/2021,3968.2,3985.09,3949.91,3976.41
06/23/2021,3963.37,3975.54,3948.17,3971.45
06/22/2021,3932.87,3985.59,3932.24,3965.51
06/21/2021,3989.06,3989.06,3907.35,3924.38
06/18/2021,4029.9,4029.9,3993,3997.72
06/18/2021,4029.9,4029.9,3993,3997.72
06/18/2021,4029.9,4029.9,3993,3997.72
06/17/2021,4037.73,4043.53,4024.4,4035.97
06/16/2021,4073.4,4081.01,4065.8,4069.17
06/15/2021,4058.17,4084.59,4055.64,4073.96
06/14/2021,4065.32,4067.43,4052.92,4056.87
06/11/2021,4061.49,4072.61,4043.53,4056.98
06/11/2021,4061.49,4072.61,4043.53,4056.98
06/11/2021,4061.49,4072.61,4043.53,4056.98
06/10/2021,4039.41,4069.87,4039.08,4056.79
06/09/2021,4068.9,4074.29,4045.8,4046.4
06/08/2021,4080.63,4091.65,4066.83,4074.93
06/07/2021,4096.04,4099.26,4060.86,4079.35
06/04/2021,4058.01,4088.89,4044.58,4084.34
06/04/2021,4058.01,4088.89,4044.58,4084.34
06/04/2021,4058.01,4088.89,4044.58,4084.34
06/03/2021,4070.83,4110.74,4064.59,4068.6
06/02/2021,4068.44,4079.44,4054.85,4068.25
06/01/2021,4049,4061.76,4030.76,4059.78
05/31/2021,4030.22,4043.36,4021.5,4041.83
05/28/2021,3995.09,4048.35,3995.09,4037.17
05/27/2021,3999.47,4003.77,3973.02,3978.66
05/27/2021,3999.47,4003.77,3973.02,3978.66
05/27/2021,3999.47,4003.77,3973.02,3978.66
05/26/2021,4001.75,4021.23,3996.98,4003.04
05/25/2021,3977.76,4009.59,3973.13,4001.55
05/24/2021,3957.19,3977.29,3954.45,3970.58
05/21/2021,3948.14,3973.36,3943.05,3964.09
05/20/2021,3921.39,3944.96,3916,3941.72
05/20/2021,3921.39,3944.96,3916,3941.72
05/20/2021,3921.39,3944.96,3916,3941.72
05/19/2021,3961.34,3961.34,3929.1,3941.16
05/18/2021,3897.39,3976.33,3897.39,3973.14
05/17/2021,3904.96,3908.91,3873.52,3891.74
05/14/2021,3862.5,3897.13,3862.22,3892.84
05/13/2021,3889.12,3890.9,3842.62,3849.09
05/13/2021,3889.12,3890.9,3842.62,3849.09
05/13/2021,3889.12,3890.9,3842.62,3849.09
05/12/2021,3955.42,3957.98,3878.14,3905.29
05/11/2021,4036.25,4038.17,3947.5,3959.08
05/10/2021,4048.8,4071.73,4043.1,4056.19
05/07/2021,4011.46,4040.39,4001.68,4035.8
05/06/2021,3963.42,4012.75,3962.58,4009.12
05/06/2021,3963.42,4012.75,3962.58,4009.12
05/06/2021,3963.42,4012.75,3962.58,4009.12
05/05/2021,3943.42,3965.15,3943.42,3955.3
05/04/2021,3952.71,3956.78,3937.3,3944.44
05/03/2021,3963.49,3973.77,3932.71,3953.96
04/30/2021,4033.48,4034.8,3961.41,3963.84
04/30/2021,4033.48,4034.8,3961.41,3963.84
04/30/2021,4033.48,4034.8,3961.41,3963.84
04/29/2021,4039.02,4054.06,4025.9,4030.03
04/28/2021,4018.36,4032.65,4007.62,4028.96
04/27/2021,4036.4,4039.2,4013.39,4020.44
04/26/2021,4034.76,4059.09,4029.28,4039.34
04/23/2021,3995.24,4034.09,3986.75,4022.48
04/23/2021,3995.24,4034.09,3986.75,4022.48
04/23/2021,3995.24,4034.09,3986.75,4022.48
04/22/2021,3983.27,4010.02,3980.98,4007.23
04/21/2021,3992.96,3995.89,3945.84,3964.45
04/20/2021,4035.49,4035.49,4010.59,4017.2
04/19/2021,4047.61,4061.19,4033.23,4050.9
04/16/2021,4054.3,4057.74,4029.49,4049.65
04/16/2021,4054.3,4057.74,4029.49,4049.65
04/16/2021,4054.3,4057.74,4029.49,4049.65
04/15/2021,4038.4,4052.61,4020.12,4049.15
04/14/2021,4007.91,4027.89,3999.71,4026.32
04/13/2021,3996.15,4026.33,3989.12,4003.33
04/12/2021,4008.35,4015.01,3984.4,3989.69
04/09/2021,4036.99,4047.59,4001.58,4008.86
04/09/2021,4036.99,4047.59,4001.58,4008.86
04/09/2021,4036.99,4047.59,4001.58,4008.86
04/08/2021,4010.45,4033.92,4000.21,4029.31
04/07/2021,4040.95,4049.11,4011.55,4022.59
04/06/2021,4056.46,4058.13,4017.61,4035.23
04/05/2021,4033.42,4055.34,4030.76,4050.83
04/02/2021,4024.52,4038.6,4024.52,4030.96
04/02/2021,4024.52,4038.6,4024.52,4030.96
04/02/2021,4024.52,4038.6,4024.52,4030.96
04/01/2021,3980.73,4009.81,3978.07,4009.12
03/31/2021,4014.93,4022.97,3978.17,3984.76
03/30/2021,4023.39,4028.87,4001.81,4011.7
03/29/2021,4013.38,4037.17,4005.5,4024.42
03/26/2021,3971.06,4022.65,3970.04,4015.77
03/25/2021,3971.87,4000.59,3957.64,3970.16
03/25/2021,3971.87,4000.59,3957.64,3970.16
03/25/2021,3971.87,4000.59,3957.64,3970.16
03/24/2021,4051.34,4054.67,3970.67,3974.1
03/23/2021,4094.1,4111.02,4051.75,4058.81
03/22/2021,4108.09,4110.71,4067.54,4093.57
03/19/2021,4132.2,4132.21,4086.15,4109.57
03/18/2021,4107.82,4159.81,4102.68,4138.26
03/18/2021,4107.82,4159.81,4102.68,4138.26
03/18/2021,4107.82,4159.81,4102.68,4138.26
03/17/2021,4106.75,4108.13,4086.49,4091.23
03/16/2021,4084.07,4115.28,4083.9,4107.39
03/15/2021,4076.75,4108.17,4070.63,4085.3
03/12/2021,4084.18,4117.47,4071.2,4077.59
03/11/2021,4084.18,4088.06,4084.18,4088.06
03/11/2021,4084.18,4088.06,4084.18,4088.06
03/11/2021,4084.18,4088.06,4084.18,4088.06
03/10/2021,4054.5,4054.5,4052.76,4052.76
03/09/2021,4051.93,4051.95,4051.55,4051.64
03/08/2021,3997.1,3997.19,3996.99,3997.02
03/05/2021,4047.28,4058.17,3982.95,4035.7
03/04/2021,4145.45,4145.45,4038.17,4062.59
03/04/2021,4145.45,4145.45,4038.17,4062.59
03/04/2021,4145.45,4145.45,4038.17,4062.59
03/03/2021,4145.45,4145.45,4142.79,4142.79
03/02/2021,4077.9,4084.16,4077.9,4084.04
03/01/2021,4094.01,4096.16,4094.01,4095.91
02/26/2021,4177.14,4177.51,4011.71,4019.02
02/25/2021,4177.14,4177.24,4176.76,4176.76
02/24/2021,4131.44,4135.33,4131.44,4135.07
02/23/2021,4207.39,4207.39,4203.26,4203.26
02/22/2021,4196.17,4196.42,4196.01,4196.12
02/19/2021,4227.88,4228.92,4158.25,4190.2
02/18/2021,4227.88,4228.65,4227.88,4228.49
02/17/2021,4258.33,4258.33,4258.33,4258.33
02/16/2021,4234.13,4240.62,4234.13,4240.34
02/15/2021,4207.54,4210.69,4207.54,4210.69
02/12/2021,4178.67,4183.82,4164.57,4171.81
02/11/2021,4178.67,4178.67,4176.96,4177.06
02/10/2021,4162.73,4162.79,4162.25,4162.7
02/09/2021,4121.55,4122.54,4121.55,4122.54
02/08/2021,4107.05,4108.78,4107.02,4108.78
02/05/2021,4004.81,4066.44,4003.59,4063.19
02/04/2021,4004.81,4004.97,4003.59,4004.2
02/03/2021,4028.59,4029.19,4028.33,4028.43
02/02/2021,3981.44,3981.59,3979.15,3979.18
02/01/2021,3926.73,3929.86,3926.73,3929.69
01/29/2021,3923.77,3948.19,3853.52,3860.84
01/28/2021,3923.77,3925.33,3923.64,3925.33
01/28/2021,3923.77,3925.33,3923.64,3925.33
01/28/2021,3923.77,3925.33,3923.64,3925.33
01/27/2021,4008.48,4008.51,4007.97,4008.01
01/26/2021,4031.37,4031.37,4031.37,4031.37
01/25/2021,4041.74,4085.39,4039.33,4077.58
01/22/2021,4083.76,4085.73,4039.9,4043.4
01/21/2021,4083.76,4084.27,4083.72,4084.27
01/21/2021,4083.76,4084.27,4083.72,4084.27
01/21/2021,4083.76,4084.27,4083.72,4084.27
01/20/2021,4045.93,4047.62,4045.84,4047.62
01/19/2021,3959.5,4030.95,3959.5,4022.39
01/18/2021,3959.5,3959.81,3959.5,3959.56
01/15/2021,3991.46,3999.54,3967.83,3971.81
01/14/2021,3937.09,3989.04,3931.51,3986.13
01/14/2021,3937.09,3989.04,3931.51,3986.13
01/14/2021,3937.09,3989.04,3931.51,3986.13
01/13/2021,3937.09,3937.09,3936.61,3936.71
01/12/2021,3941.5,3941.5,3941.41,3941.41
01/11/2021,3907.98,3908.26,3907.98,3908.11
01/08/2021,3859.03,3923.25,3858.9,3919.32
01/07/2021,3859.03,3859.63,3859.03,3859.62
01/07/2021,3859.03,3859.63,3859.03,3859.62
01/07/2021,3859.03,3859.63,3859.03,3859.62
01/06/2021,3838.7,3839.04,3838.7,3839.04
01/05/2021,3831.55,3832.02,3831.55,3831.77
01/04/2021,3815.59,3815.59,3815.59,3815.59
01/01/2021,3801.26,3801.86,3799.59,3800.14
12/31/2020,3802.62,3812.19,3795.5,3801.24
12/31/2020,3802.62,3812.19,3795.5,3801.24
12/31/2020,3802.62,3812.19,3795.5,3801.24
12/30/2020,3802.62,3802.7,3802.32,3802.32
12/29/2020,3771.68,3772,3771.68,3771.77
12/28/2020,3714.81,3714.87,3714.81,3714.87
12/25/2020,3709.68,3712.62,3701.72,3707.91
12/24/2020,3697.43,3718,3695.92,3709.96
12/24/2020,3697.43,3718,3695.92,3709.96
12/24/2020,3697.43,3718,3695.92,3709.96
12/23/2020,3697.43,3697.5,3697.25,3697.41
12/22/2020,3677.03,3677.03,3677.03,3677.03
12/21/2020,3723.92,3723.92,3723.81,3723.81
12/18/2020,3759.01,3771.73,3733.36,3746.12
12/17/2020,3759.01,3759.12,3759.01,3759.04
12/17/2020,3759.01,3759.12,3759.01,3759.04
12/17/2020,3759.01,3759.12,3759.01,3759.04
12/16/2020,3727.95,3728.06,3727.72,3728.05
12/15/2020,3698.63,3698.63,3698.63,3698.63
12/14/2020,3707.51,3707.65,3707.51,3707.65
12/11/2020,3725.58,3732.55,3714.32,3723.99
12/10/2020,3725.58,3725.96,3725.58,3725.7
12/10/2020,3725.58,3725.96,3725.58,3725.7
12/10/2020,3725.58,3725.96,3725.58,3725.7
12/09/2020,3677.4,3734.48,3677.36,3729.96
12/08/2020,3677.4,3677.4,3677.36,3677.36
12/07/2020,3688,3688,3688,3688
12/04/2020,3681.07,3700.15,3678.52,3693.62
12/03/2020,3681.07,3681.16,3681.07,3681.16
12/03/2020,3681.07,3681.16,3681.07,3681.16
12/03/2020,3681.07,3681.16,3681.07,3681.16
12/02/2020,3671.34,3671.75,3671.34,3671.46
12/01/2020,3620.85,3659.71,3620.44,3650.8
11/30/2020,3620.85,3620.85,3620.85,3620.85
11/27/2020,3692.94,3709.03,3679.85,3704.79
11/27/2020,3692.94,3709.03,3679.85,3704.79
11/27/2020,3692.94,3709.03,3679.85,3704.79
11/26/2020,3692.94,3692.94,3691,3691.47
11/25/2020,3670.66,3670.9,3670.45,3670.77
11/24/2020,3669.93,3669.99,3669.93,3669.96
11/23/2020,3618.13,3618.13,3617.69,3617.69
11/20/2020,3601.67,3612.81,3592.33,3610.48
11/20/2020,3601.67,3612.81,3592.33,3610.48
11/20/2020,3601.67,3612.81,3592.33,3610.48
11/19/2020,3601.67,3601.67,3601.2,3601.2
11/18/2020,3621.34,3621.86,3621.34,3621.78
11/17/2020,3624.5,3624.96,3624.41,3624.54
11/16/2020,3613.32,3613.39,3613.18,3613.33
11/13/2020,3550.82,3553.88,3517.69,3547.84
11/13/2020,3550.82,3553.88,3517.69,3547.84
11/13/2020,3550.82,3553.88,3517.69,3547.84
11/12/2020,3550.82,3551.1,3550.82,3551.09
11/11/2020,3564.79,3565.13,3564.79,3564.96
11/10/2020,3550.33,3550.65,3550.33,3550.6
11/09/2020,3524.65,3525.57,3524.04,3525.42
11/06/2020,3473.69,3491.81,3466.87,3489.02
11/06/2020,3473.69,3491.81,3466.87,3489.02
11/06/2020,3473.69,3491.81,3466.87,3489.02
11/05/2020,3473.69,3475.15,3473.69,3475.05
11/04/2020,3372.42,3372.51,3371.71,3371.71
11/03/2020,3352.23,3352.26,3351.72,3352.01
11/02/2020,3314.63,3315.54,3314.63,3315.54
10/30/2020,3321.93,3324.64,3261.13,3265.48
10/29/2020,3334.59,3334.65,3306.55,3317.26
10/29/2020,3334.59,3334.65,3306.55,3317.26
10/29/2020,3334.59,3334.65,3306.55,3317.26
10/28/2020,3348.38,3355.71,3334.97,3339.31
10/27/2020,3354.65,3354.65,3325.3,3350.89
10/26/2020,3372.63,3376.38,3351.62,3355.95
10/23/2020,3364.5,3379.4,3358.43,3369.95
10/22/2020,3384.45,3384.45,3347.49,3365.23
10/22/2020,3384.45,3384.45,3347.49,3365.23
10/22/2020,3384.45,3384.45,3347.49,3365.23
10/21/2020,3350.81,3388.62,3349.53,3387.63
10/20/2020,3361.92,3362.09,3341.05,3350.15
10/19/2020,3323.49,3378.18,3323.27,3364.2
10/16/2020,3323.26,3334.16,3312.08,3322.53
10/15/2020,3375.72,3380.76,3320.83,3324.44
10/15/2020,3375.72,3380.76,3320.83,3324.44
10/15/2020,3375.72,3380.76,3320.83,3324.44
10/14/2020,3371.45,3380.8,3361.66,3379.72
10/13/2020,3369.11,3384.15,3367.77,3373.28
10/12/2020,3344.11,3377.53,3335.17,3370.66
10/09/2020,3337.51,3344.56,3330.09,3341.82
10/08/2020,3317.18,3339.6,3317.18,3335.83
10/08/2020,3317.18,3339.6,3317.18,3335.83
10/08/2020,3317.18,3339.6,3317.18,3335.83
10/07/2020,3290.32,3321.16,3275.76,3333.43
10/06/2020,3277.29,3297.73,3273.25,3296.09
10/05/2020,3216.39,3284.12,3216.39,3275.91
10/02/2020,3252.36,3252.83,3214.26,3218.01
10/01/2020,3241.04,3253.55,3241.04,3246.62
10/01/2020,3241.04,3253.55,3241.04,3246.62
10/01/2020,3241.04,3253.55,3241.04,3246.62
09/30/2020,3260.52,3276.65,3230.19,3238.97
09/29/2020,3267.29,3280.93,3259.91,3264.47
09/28/2020,3242.23,3278.02,3236.21,3272.02
09/25/2020,3232.26,3254.83,3231.54,3234.95
09/25/2020,3232.26,3254.83,3231.54,3234.95
09/25/2020,3232.26,3254.83,3231.54,3234.95
09/24/2020,3270.6,3271.81,3219.86,3221.91
09/23/2020,3274.38,3289.85,3262.21,3281.37
09/22/2020,3298.1,3299.86,3277.41,3278.63
09/21/2020,3331.35,3342.43,3297.2,3301.2
09/18/2020,3330.94,3340,3324.1,3335.66
09/18/2020,3330.94,3340,3324.1,3335.66
09/18/2020,3330.94,3340,3324.1,3335.66
09/17/2020,3360.15,3362.13,3316.66,3324.58
09/16/2020,3339.47,3366.87,3338.14,3366.34
09/15/2020,3331.07,3345.3,3319.5,3340.42
09/14/2020,3296.79,3338.63,3296.79,3334.21
09/11/2020,3284.53,3299.06,3274.8,3293.63
09/11/2020,3284.53,3299.06,3274.8,3293.63
09/11/2020,3284.53,3299.06,3274.8,3293.63
09/10/2020,3261.51,3296.48,3261.51,3288.56
09/09/2020,3283.33,3283.33,3231.45,3256.53
09/08/2020,3263.51,3294.2,3263.51,3288.16
09/07/2020,3268.96,3285.1,3257.84,3263.74
09/04/2020,3310.42,3310.42,3262.85,3267.1
09/04/2020,3310.42,3310.42,3262.85,3267.1
09/04/2020,3310.42,3310.42,3262.85,3267.1
09/03/2020,3323.35,3340.26,3312.32,3317.64
09/02/2020,3317.77,3331.67,3309.48,3317.74
09/01/2020,3313.26,3324.8,3298.09,3313.99
08/31/2020,3339.21,3379.14,3313.52,3317.35
08/28/2020,3329.03,3343.76,3313.34,3333.43
08/27/2020,3345.1,3356.64,3325.44,3328.12
08/27/2020,3345.1,3356.64,3325.44,3328.12
08/27/2020,3345.1,3356.64,3325.44,3328.12
08/26/2020,3325.86,3340.35,3314.81,3339.53
08/25/2020,3311.89,3342.81,3311.89,3326.25
08/24/2020,3286.41,3317.85,3276.14,3313.33
08/21/2020,3282.33,3300.22,3281.11,3285.51
08/20/2020,3330.35,3330.35,3265.29,3271.35
08/20/2020,3330.35,3330.35,3265.29,3271.35
08/20/2020,3330.35,3330.35,3265.29,3271.35
08/19/2020,3336.7,3355.96,3334.55,3343.16
08/18/2020,3326.96,3341.23,3317.31,3336.81
08/17/2020,3325.94,3333.62,3313.38,3324.17
08/14/2020,3324.75,3334.54,3310.22,3325.88
08/13/2020,3329.83,3345.26,3321.76,3328
08/13/2020,3329.83,3345.26,3321.76,3328
08/13/2020,3329.83,3345.26,3321.76,3328
08/12/2020,3306.82,3325.68,3288.34,3323.57
08/11/2020,3262.23,3319.05,3262.23,3305.62
08/10/2020,3242.04,3270.95,3241.01,3258.97
08/07/2020,3279.25,3284.99,3226.16,3245.87
08/06/2020,3277.47,3299.22,3263.65,3283.04
08/06/2020,3277.47,3299.22,3263.65,3283.04
08/06/2020,3277.47,3299.22,3263.65,3283.04
08/05/2020,3277.84,3285.77,3254.19,3279.59
08/04/2020,3191.64,3274.45,3191.64,3272.63
08/03/2020,3192.23,3211.2,3183.41,3189.54
07/31/2020,3262.07,3262.07,3187.82,3190.35
07/30/2020,3258.73,3279.29,3248.51,3252.35
07/30/2020,3258.73,3279.29,3248.51,3252.35
07/30/2020,3258.73,3279.29,3248.51,3252.35
07/29/2020,3270.24,3274.77,3249.35,3252.14
07/28/2020,3258.16,3309.79,3258.16,3274.76
07/27/2020,3228.24,3263.9,3221.76,3257.61
07/24/2020,3242.35,3247.31,3222.53,3236.25
07/23/2020,3246.49,3246.49,3225.73,3244.52
07/23/2020,3246.49,3246.49,3225.73,3244.52
07/23/2020,3246.49,3246.49,3225.73,3244.52
07/22/2020,3276.4,3278.48,3242.99,3246.73
07/21/2020,3225.05,3282.77,3224.73,3279.1
07/20/2020,3228.85,3229.79,3192.85,3218.28
07/17/2020,3209.87,3226.98,3209.57,3223.28
07/16/2020,3241.3,3243.75,3206.71,3212.11
07/16/2020,3241.3,3243.75,3206.71,3212.11
07/16/2020,3241.3,3243.75,3206.71,3212.11
07/15/2020,3216.01,3255.02,3216.01,3239.58
07/14/2020,3225.35,3225.35,3190.65,3202.96
07/13/2020,3187.55,3246.82,3187.55,3232.53
07/10/2020,3216.2,3216.2,3175.22,3186.1
07/09/2020,3210.13,3231.84,3208.62,3216.87
07/09/2020,3210.13,3231.84,3208.62,3216.87
07/09/2020,3210.13,3231.84,3208.62,3216.87
07/08/2020,3212.51,3230.82,3195.36,3203.72
07/07/2020,3240.83,3252.1,3210.14,3216.63
07/06/2020,3184.83,3243.5,3181.91,3242.27
07/03/2020,3164.88,3185.07,3164.32,3183.82
07/02/2020,3116.09,3164.2,3116.09,3157.36
07/02/2020,3116.09,3164.2,3116.09,3157.36
07/02/2020,3116.09,3164.2,3116.09,3157.36
07/01/2020,3111.78,3118,3099.41,3111.85
06/30/2020,3104.21,3130.23,3102.06,3107.24
06/29/2020,3129.42,3129.42,3084.53,3090.73
06/26/2020,3128.02,3145.82,3128.02,3134.55
06/26/2020,3128.02,3145.82,3128.02,3134.55
06/26/2020,3128.02,3145.82,3128.02,3134.55
06/25/2020,3149.88,3149.88,3119.2,3121.63
06/24/2020,3163.81,3182.32,3155.76,3159.11
06/23/2020,3144.83,3168.81,3111.15,3165.82
06/22/2020,3140.22,3150.66,3128.72,3133.3
06/19/2020,3133.26,3149.99,3122.24,3144.1
06/19/2020,3133.26,3149.99,3122.24,3144.1
06/19/2020,3133.26,3149.99,3122.24,3144.1
06/18/2020,3123.55,3132.96,3094.51,3132.71
06/17/2020,3119.19,3132.64,3102.15,3128.38
06/16/2020,3036.61,3136.64,3036.61,3117.79
06/15/2020,3093.02,3093.1,3013.01,3022.57
06/12/2020,3129.27,3129.27,3058.71,3098.31
06/12/2020,3129.27,3129.27,3058.71,3098.31
06/12/2020,3129.27,3129.27,3058.71,3098.31
06/11/2020,3217.57,3217.57,3136.13,3141.19
06/10/2020,3192.58,3224.85,3187.47,3219.52
06/09/2020,3183.84,3213.04,3181.27,3203.14
06/08/2020,3157.92,3181.04,3157.92,3177.69
06/05/2020,3109.85,3153.6,3102.23,3146.07
06/05/2020,3109.85,3153.6,3102.23,3146.07
06/05/2020,3109.85,3153.6,3102.23,3146.07
06/04/2020,3100.61,3127.57,3092.86,3117.94
06/03/2020,3057.13,3101.68,3057.13,3097.64
06/02/2020,3028.5,3057.85,3028.5,3049.42
06/01/2020,2965.85,3024.51,2962.65,3023.45
05/29/2020,2995.94,2995.94,2958.5,2960.28
05/28/2020,2970.68,3007.85,2963.97,2996.43
05/28/2020,2970.68,3007.85,2963.97,2996.43
05/28/2020,2970.68,3007.85,2963.97,2996.43
05/27/2020,2962.24,2969.68,2943.87,2960.11
05/26/2020,2896.76,2963.13,2895.05,2961.09
05/25/2020,2878.56,2888.58,2859.43,2887.43
05/22/2020,2949,2952.2,2864.61,2869.79
05/21/2020,2963.32,2965.83,2945.01,2946.09
05/21/2020,2963.32,2965.83,2945.01,2946.09
05/21/2020,2963.32,2965.83,2945.01,2946.09
05/20/2020,2948.6,2963.34,2941.36,2959.43
05/19/2020,2926.75,2972.13,2926.75,2953.91
05/18/2020,2914.5,2928.66,2906.47,2913.67
05/15/2020,2910.28,2923.95,2894.58,2909.01
05/14/2020,2954.42,2954.42,2899.43,2902.68
05/14/2020,2954.42,2954.42,2899.43,2902.68
05/14/2020,2954.42,2954.42,2899.43,2902.68
05/13/2020,2939.39,2965.04,2924.21,2958.33
05/12/2020,2983.59,2983.59,2940.49,2950.1
05/11/2020,2964.09,3018.57,2963.52,2987.86
05/08/2020,2919.93,2963.95,2918.99,2960.14
05/07/2020,2918.45,2919.35,2897.44,2906.81
05/07/2020,2918.45,2919.35,2897.44,2906.81
05/07/2020,2918.45,2919.35,2897.44,2906.81
05/06/2020,2917.77,2933.14,2910.87,2930.16
05/05/2020,2906.45,2923.34,2906.45,2917.03
05/04/2020,2953.54,2953.54,2901.15,2902.18
05/01/2020,3006.02,3006.02,2956.19,2962.75
04/30/2020,2984.41,3033.32,2984.28,3017.03
04/29/2020,2956.05,2981.08,2954.13,2977.84
04/28/2020,2931.57,2958.38,2918.71,2951.14
04/27/2020,2876.11,2941.89,2872.92,2936.43
04/24/2020,2866.39,2875.71,2850.29,2869
04/24/2020,2866.39,2875.71,2850.29,2869
04/24/2020,2866.39,2875.71,2850.29,2869
04/23/2020,2851.54,2873.91,2846.27,2872.9
04/22/2020,2827.67,2853.29,2802.37,2848
04/21/2020,2896.82,2896.82,2832,2836.88
04/20/2020,2914.39,2923.79,2898.3,2907.04
04/17/2020,2855.72,2936.3,2855.69,2921.58
04/17/2020,2855.72,2936.3,2855.69,2921.58
04/17/2020,2855.72,2936.3,2855.69,2921.58
04/16/2020,2862.92,2862.92,2833.4,2850.85
04/15/2020,2896.74,2907.43,2869.17,2878.07
04/14/2020,2846.79,2901.63,2843.11,2898.79
04/13/2020,2859.2,2867.01,2837.85,2843.5
04/10/2020,2849.01,2869.78,2839.95,2861.44
04/10/2020,2849.01,2869.78,2839.95,2861.44
04/10/2020,2849.01,2869.78,2839.95,2861.44
04/09/2020,2819.05,2850.05,2811.75,2846.78
04/08/2020,2821.65,2840.21,2793.58,2813.86
04/07/2020,2752.85,2822.1,2752.85,2816.46
04/06/2020,2652.48,2747.69,2650.43,2744.19
04/03/2020,2675.79,2688.15,2647.08,2653.07
04/03/2020,2675.79,2688.15,2647.08,2653.07
04/03/2020,2675.79,2688.15,2647.08,2653.07
04/02/2020,2686.32,2686.32,2647,2672.12
04/01/2020,2741.45,2753.92,2677.16,2691.36
03/31/2020,2755.07,2773.92,2709.35,2737.47
03/30/2020,2771.47,2787.24,2708.81,2753.52
03/27/2020,2740.98,2792.29,2740.98,2770.08
03/26/2020,2739.02,2748.29,2687.04,2736.41
03/26/2020,2739.02,2748.29,2687.04,2736.41
03/26/2020,2739.02,2748.29,2687.04,2736.41
03/25/2020,2590.64,2751.56,2590.64,2741.37
03/24/2020,2474.8,2595.33,2473.41,2582.65
03/23/2020,2547.89,2547.89,2458.7,2464.61
03/20/2020,2472.6,2580,2472.6,2556.77
03/19/2020,2576.74,2605.16,2444.04,2486.09
03/19/2020,2576.74,2605.16,2444.04,2486.09
03/19/2020,2576.74,2605.16,2444.04,2486.09
03/18/2020,2689.57,2705.65,2571.36,2575.95
03/17/2020,2669.2,2727.45,2645.34,2685.54
03/16/2020,2789.69,2792.59,2664.96,2675.23
03/13/2020,2838.22,2839.09,2630.84,2780.81
03/12/2020,2996.55,2996.55,2827.96,2831.31
03/12/2020,2996.55,2996.55,2827.96,2831.31
03/12/2020,2996.55,2996.55,2827.96,2831.31
03/11/2020,3047.43,3053.55,2996.52,2999.63
03/10/2020,3026.03,3066.23,2977.08,3055.09
03/09/2020,3183.86,3183.86,3015.22,3026.54
03/06/2020,3258.51,3259.12,3167.89,3179.49
03/05/2020,3258.51,3259.12,3258.51,3258.94
03/05/2020,3258.51,3259.12,3258.51,3258.94
03/05/2020,3258.51,3259.12,3258.51,3258.94
03/04/2020,3205.12,3206.42,3205.12,3206.38
03/03/2020,3221.91,3221.91,3221.58,3221.59
03/02/2020,3205.95,3207.29,3205.57,3207.27
02/28/2020,3282.68,3282.68,3183.25,3195.02
02/27/2020,3282.68,3282.68,3279.89,3279.89
02/26/2020,3298.42,3298.47,3298.42,3298.47
02/25/2020,3341.74,3341.74,3341.44,3341.44
02/24/2020,3378.48,3378.66,3378.48,3378.52
02/21/2020,3428.01,3435.08,3411.2,3420.97
02/20/2020,3428.01,3428.01,3428,3428
02/19/2020,3451.17,3451.19,3451.03,3451.08
02/18/2020,3448.04,3448.04,3447.96,3447.96
02/17/2020,3489.32,3489.52,3489.14,3489.46
02/14/2020,3496.71,3508.9,3488.69,3501.09
02/13/2020,3496.71,3497.07,3496.71,3496.94
02/12/2020,3506.67,3506.69,3506.47,3506.61
02/11/2020,3471.12,3471.12,3471.01,3471.01
02/10/2020,3447.63,3447.63,3447.16,3447.31
02/07/2020,3471.55,3477.11,3450.22,3460.4
02/06/2020,3471.55,3471.69,3471.46,3471.46
02/05/2020,3404.18,3405.45,3404.18,3405.45
02/04/2020,3385.35,3386.61,3385.3,3386.61
02/03/2020,3350.85,3350.85,3350.79,3350.79
01/31/2020,3377.69,3410.05,3366.92,3376.07
01/30/2020,3377.69,3379.4,3377.69,3379.39
01/30/2020,3377.69,3379.4,3377.69,3379.39
01/30/2020,3377.69,3379.4,3377.69,3379.39
01/29/2020,3461.43,3461.43,3461.21,3461.26
01/28/2020,3471.5,3471.99,3471.42,3471.99
01/27/2020,3515.87,3515.87,3496.81,3501.58
01/24/2020,3516.63,3527.54,3515.41,3523.54
01/23/2020,3516.63,3516.71,3515.41,3515.44
01/23/2020,3516.63,3516.71,3515.41,3515.44
01/23/2020,3516.63,3516.71,3515.41,3515.44
01/22/2020,3540.29,3540.6,3540.29,3540.47
01/21/2020,3514.5,3514.67,3514.5,3514.64
01/20/2020,3548.66,3548.7,3548.54,3548.54
01/17/2020,3532.87,3553.85,3532.87,3549.56
01/16/2020,3532.87,3533.33,3532.87,3533.18
01/16/2020,3532.87,3533.33,3532.87,3533.18
01/16/2020,3532.87,3533.33,3532.87,3533.18
01/15/2020,3528.66,3528.73,3528.63,3528.73
01/14/2020,3545.55,3545.74,3545.46,3545.65
01/13/2020,3532.33,3532.33,3532.33,3532.33
01/10/2020,3493.97,3522.4,3493.69,3520.98
01/09/2020,3493.97,3493.97,3493.97,3493.97
01/09/2020,3493.97,3493.97,3493.97,3493.97
01/09/2020,3493.97,3493.97,3493.97,3493.97
01/08/2020,3442.34,3442.42,3441.99,3442.28
01/07/2020,3470.93,3470.93,3470.93,3470.93
01/06/2020,3448.68,3448.68,3448.45,3448.54
01/03/2020,3493.68,3519.63,3488.5,3493.39
01/02/2020,3483.16,3497.78,3479.66,3496.48
01/02/2020,3483.16,3497.78,3479.66,3496.48
01/02/2020,3483.16,3497.78,3479.66,3496.48
01/01/2020,3483.16,3483.66,3482.75,3483.6
12/31/2019,3498.36,3498.36,3482.39,3482.67
12/30/2019,3498.36,3498.36,3496.64,3496.82
12/27/2019,3471.85,3500.55,3471.52,3498.74
12/26/2019,3471.85,3471.85,3471.85,3471.85
12/26/2019,3471.85,3471.85,3471.85,3471.85
12/26/2019,3471.85,3471.85,3471.85,3471.85
12/25/2019,3470.38,3471.04,3464.31,3468.42
12/24/2019,3480.07,3485.38,3470.82,3472.17
12/23/2019,3480.07,3480.34,3480.07,3480.22
12/20/2019,3489.63,3490.66,3471.32,3480.6
12/19/2019,3489.63,3489.68,3489.4,3489.68
12/19/2019,3489.63,3489.68,3489.4,3489.68
12/19/2019,3489.63,3489.68,3489.4,3489.68
12/18/2019,3493.11,3493.11,3493.02,3493.02
12/17/2019,3489.04,3489.04,3489.04,3489.04
12/16/2019,3459.37,3459.37,3459.37,3459.37
12/13/2019,3403.6,3461.64,3403.42,3458.15
12/12/2019,3403.6,3403.62,3403.42,3403.62
12/12/2019,3403.6,3403.62,3403.42,3403.62
12/12/2019,3403.6,3403.62,3403.42,3403.62
12/11/2019,3376.17,3376.43,3376.17,3376.32
12/10/2019,3351.32,3351.58,3351.28,3351.58
12/09/2019,3357.27,3357.27,3357.27,3357.27
12/06/2019,3329.05,3346.24,3328.71,3342.88
12/05/2019,3329.05,3329.14,3329.05,3329.14
12/05/2019,3329.05,3329.14,3329.05,3329.14
12/05/2019,3329.05,3329.14,3329.05,3329.14
12/04/2019,3313.18,3313.18,3313.18,3313.18
12/03/2019,3338.69,3339.01,3338.65,3339.01
12/02/2019,3356.48,3356.48,3355.67,3355.74
11/29/2019,3371.06,3377.09,3329.66,3331.44
11/29/2019,3371.06,3377.09,3329.66,3331.44
11/29/2019,3371.06,3377.09,3329.66,3331.44
11/28/2019,3371.06,3371.06,3370.97,3370.97
11/27/2019,3379.05,3379.25,3379.05,3379.21
11/26/2019,3369.52,3369.63,3369.39,3369.63
11/25/2019,3360.52,3360.6,3360.46,3360.46
11/22/2019,3332.05,3347.03,3332.05,3336.81
11/22/2019,3332.05,3347.03,3332.05,3336.81
11/22/2019,3332.05,3347.03,3332.05,3336.81
11/21/2019,3332.05,3333.06,3332.05,3332.99
11/20/2019,3387.33,3387.36,3353.44,3360.48
11/19/2019,3387.33,3387.33,3387.05,3387.24
11/18/2019,3360.97,3361.02,3360.97,3361.02
11/15/2019,3318.63,3349.19,3318.56,3340.15
11/15/2019,3318.63,3349.19,3318.56,3340.15
11/15/2019,3318.63,3349.19,3318.56,3340.15
11/14/2019,3318.63,3318.87,3318.61,3318.73
11/13/2019,3329.15,3329.15,3328.9,3329.06
11/12/2019,3357.52,3357.6,3356.88,3356.88
11/11/2019,3349.13,3349.22,3348.16,3348.26
11/08/2019,3371.34,3394.92,3370.7,3374.69
11/08/2019,3371.34,3394.92,3370.7,3374.69
11/08/2019,3371.34,3394.92,3370.7,3374.69
11/07/2019,3371.34,3371.36,3371.1,3371.31
11/06/2019,3359.18,3359.32,3359.12,3359.32
11/05/2019,3354.81,3355.2,3354.81,3355.07
11/04/2019,3327.51,3329.17,3327.51,3329.08
11/01/2019,3281.73,3305.22,3273.31,3302.69
11/01/2019,3281.73,3305.22,3273.31,3302.69
11/01/2019,3281.73,3305.22,3273.31,3302.69
10/31/2019,3271.38,3294.46,3270.53,3284.86
10/31/2019,3271.38,3294.46,3270.53,3284.86
10/31/2019,3271.38,3294.46,3270.53,3284.86
10/30/2019,3277.01,3278.78,3264.88,3267.8
10/29/2019,3261.48,3279.53,3261.48,3278.77
10/28/2019,3253.29,3267.63,3253.2,3260.17
10/25/2019,3260.91,3264.91,3245.54,3253.97
10/24/2019,3249.12,3263.69,3248.48,3262.17
10/24/2019,3249.12,3263.69,3248.48,3262.17
10/24/2019,3249.12,3263.69,3248.48,3262.17
10/23/2019,3259.55,3260.59,3237.35,3245.43
10/22/2019,3246.56,3263.33,3245.08,3259.8
10/21/2019,3240.01,3248.18,3234.59,3244.19
10/18/2019,3244.59,3247.45,3232.54,3237.81
10/17/2019,3237.28,3245.64,3227.21,3241.32
10/17/2019,3237.28,3245.64,3227.21,3241.32
10/17/2019,3237.28,3245.64,3227.21,3241.32
10/16/2019,3211.41,3236.7,3211.23,3234.39
10/15/2019,3201.24,3219.31,3198.39,3210.96
10/14/2019,3181.43,3208.71,3181.27,3200.18
10/11/2019,3140.98,3188.27,3140.98,3175.81
10/10/2019,3140.11,3145.92,3124.66,3136.76
10/10/2019,3140.11,3145.92,3124.66,3136.76
10/10/2019,3140.11,3145.92,3124.66,3136.76
10/09/2019,3153.73,3153.73,3132.49,3138.61
10/08/2019,3133.61,3159.72,3133.53,3154.77
10/07/2019,3135.02,3143.59,3134.28,3137.01
10/04/2019,3134.54,3148.2,3130.19,3132.23
10/03/2019,3148.74,3149.1,3115.03,3134.58
10/03/2019,3148.74,3149.1,3115.03,3134.58
10/03/2019,3148.74,3149.1,3115.03,3134.58
10/02/2019,3175.71,3176.21,3148.33,3159.07
10/01/2019,3175.17,3186.76,3174.41,3183.19
09/30/2019,3173.32,3175.71,3162.08,3168.44
09/27/2019,3188.92,3190.56,3168.34,3178.09
09/27/2019,3188.92,3190.56,3168.34,3178.09
09/27/2019,3188.92,3190.56,3168.34,3178.09
09/26/2019,3203.52,3206.87,3194.51,3199.81
09/25/2019,3218.91,3218.91,3195.37,3197.86
09/24/2019,3210.4,3226.91,3210.4,3222.03
09/23/2019,3211.05,3218.34,3206.7,3214.49
09/20/2019,3199.99,3217.69,3198.21,3210.9
09/20/2019,3199.99,3217.69,3198.21,3210.9
09/20/2019,3199.99,3217.69,3198.21,3210.9
09/19/2019,3220.14,3231.64,3197.16,3199.07
09/18/2019,3232.49,3233.41,3219.52,3220.96
09/17/2019,3252.36,3255.66,3230.73,3236.9
09/16/2019,3267.74,3275.78,3250.36,3256.46
09/13/2019,3243.86,3267.38,3241.71,3263.39
09/13/2019,3243.86,3267.38,3241.71,3263.39
09/13/2019,3243.86,3267.38,3241.71,3263.39
09/12/2019,3244.84,3251.79,3231.74,3242.06
09/11/2019,3195.21,3242.62,3195.21,3240.93
09/10/2019,3183.22,3202.2,3183.22,3192.12
09/09/2019,3166.81,3185.01,3166.81,3180.3
09/06/2019,3156.52,3170.17,3153.51,3168.33
09/06/2019,3156.52,3170.17,3153.51,3168.33
09/06/2019,3156.52,3170.17,3153.51,3168.33
09/05/2019,3130.22,3166.34,3130.22,3152.47
09/04/2019,3070.97,3131.1,3063.85,3126.88
09/03/2019,3076.27,3083.84,3065.79,3070.38
09/02/2019,3094.54,3099.85,3074.41,3079.57
08/30/2019,3059.61,3098.84,3059.39,3097.46
08/29/2019,3053.16,3057.01,3037.69,3050.08
08/29/2019,3053.16,3057.01,3037.69,3050.08
08/29/2019,3053.16,3057.01,3037.69,3050.08
08/28/2019,3048.06,3060.08,3045.87,3048.8
08/27/2019,3043.48,3058.02,3043.3,3048.19
08/26/2019,3090.57,3090.57,3017.99,3036.18
08/23/2019,3068.5,3093.44,3066.56,3090.02
08/22/2019,3088.19,3089.57,3068.09,3070.23
08/22/2019,3088.19,3089.57,3068.09,3070.23
08/22/2019,3088.19,3089.57,3068.09,3070.23
08/21/2019,3093.76,3093.76,3079.99,3089.25
08/20/2019,3089.99,3106.24,3086.29,3100.84
08/19/2019,3062.45,3096.37,3061.69,3089.73
08/16/2019,3043.18,3063.42,3032.69,3056.14
08/15/2019,3058.27,3058.27,3020.29,3047.86
08/15/2019,3058.27,3058.27,3020.29,3047.86
08/15/2019,3058.27,3058.27,3020.29,3047.86
08/14/2019,3068.56,3086.85,3058.93,3063.57
08/13/2019,3089.03,3089.03,3055.41,3055.41
08/12/2019,3103.28,3115.05,3096.69,3099.6
08/09/2019,3108.01,3117.39,3103.5,3105.21
08/08/2019,3094.14,3109.16,3080.56,3098.87
08/08/2019,3094.14,3109.16,3080.56,3098.87
08/08/2019,3094.14,3109.16,3080.56,3098.87
08/07/2019,3094.4,3095.72,3072.64,3095.72
08/06/2019,3118.42,3118.54,3055.39,3092.68
08/05/2019,3197.22,3197.22,3120.75,3122.69
08/02/2019,3263.63,3263.63,3200.32,3206.82
08/01/2019,3267.51,3272.62,3257.82,3271.54
08/01/2019,3267.51,3272.62,3257.82,3271.54
08/01/2019,3267.51,3272.62,3257.82,3271.54
07/31/2019,3305.22,3312.61,3277,3278.1
07/30/2019,3317.12,3326.59,3308.54,3309.63
07/29/2019,3329.8,3333.53,3306.3,3312.53
07/26/2019,3349.7,3349.7,3326.93,3331.28
07/25/2019,3351.37,3361.79,3350.94,3353.83
07/25/2019,3351.37,3361.79,3350.94,3353.83
07/25/2019,3351.37,3361.79,3350.94,3353.83
07/24/2019,3350.86,3372.75,3348.83,3355.77
07/23/2019,3342.35,3355.42,3339.54,3348.94
07/22/2019,3353.11,3359.59,3339.8,3344.93
07/19/2019,3328.22,3362.98,3327.47,3354.92
07/18/2019,3331.54,3331.54,3310.67,3317.41
07/18/2019,3331.54,3331.54,3310.67,3317.41
07/18/2019,3331.54,3331.54,3310.67,3317.41
07/17/2019,3343.46,3343.46,3328.85,3335.5
07/16/2019,3345.02,3348.78,3336.53,3345.88
07/15/2019,3341.04,3346.87,3317.4,3344.79
07/12/2019,3328.81,3341.94,3325.41,3339.03
07/11/2019,3309.15,3341.09,3307.95,3328.24
07/11/2019,3309.15,3341.09,3307.95,3328.24
07/11/2019,3309.15,3341.09,3307.95,3328.24
07/10/2019,3298.24,3310.09,3297.42,3304.96
07/09/2019,3315.3,3320.52,3294.91,3301.28
07/08/2019,3350.66,3350.66,3310.42,3311.83
07/05/2019,3360.32,3367.75,3346.07,3350.14
07/04/2019,3348.32,3369.54,3347.42,3358.26
07/04/2019,3348.32,3369.54,3347.42,3358.26
07/04/2019,3348.32,3369.54,3347.42,3358.26
07/03/2019,3358.43,3360.92,3334.49,3343.55
07/02/2019,3347.19,3361.12,3341.98,3356.49
07/01/2019,3334.69,3351.03,3334.69,3347.47
06/28/2019,3340.1,3342.38,3324.21,3329.19
06/28/2019,3340.1,3342.38,3324.21,3329.19
06/28/2019,3340.1,3342.38,3324.21,3329.19
06/27/2019,3305.35,3341.11,3303.19,3339.73
06/26/2019,3309.19,3311.72,3294.61,3302.67
06/25/2019,3331.77,3337.59,3303.68,3313.04
06/24/2019,3324.71,3332.31,3312.41,3328.02
06/21/2019,3342.01,3343.65,3319.61,3320.86
06/21/2019,3342.01,3343.65,3319.61,3320.86
06/21/2019,3342.01,3343.65,3319.61,3320.86
06/20/2019,3305.51,3339.14,3303.14,3336.09
06/19/2019,3246.7,3300.3,3246.7,3298.48
06/18/2019,3221.94,3241.69,3221.04,3234.52
06/17/2019,3223.88,3243.3,3219.19,3219.71
06/14/2019,3236.79,3238,3226.16,3226.92
06/14/2019,3236.79,3238,3226.16,3226.92
06/14/2019,3236.79,3238,3226.16,3226.92
06/13/2019,3247.06,3247.4,3207.57,3232.88
06/12/2019,3263.9,3275.36,3248.44,3252.77
06/11/2019,3244.96,3271.33,3244.79,3267.73
06/10/2019,3207.38,3243.53,3207.38,3242.56
06/07/2019,3199.82,3209.31,3197.82,3208.06
06/07/2019,3199.82,3209.31,3197.82,3208.06
06/07/2019,3199.82,3209.31,3197.82,3208.06
06/06/2019,3195.64,3202.89,3189.78,3198.01
06/05/2019,3184.56,3212.52,3184.17,3201.24
06/04/2019,3187.59,3189.43,3171.78,3172.06
06/03/2019,3174.06,3181.65,3165.59,3179.63
05/31/2019,3184.07,3190.31,3172.64,3180.11
05/30/2019,3186.85,3196.99,3178.71,3188.68
05/30/2019,3186.85,3196.99,3178.71,3188.68
05/30/2019,3186.85,3196.99,3178.71,3188.68
05/29/2019,3210.98,3210.98,3185.65,3192.28
05/28/2019,3211.31,3222.89,3210.11,3217.36
05/27/2019,3212.58,3219.89,3204.94,3209.54
05/24/2019,3194.23,3209.5,3189.86,3208.33
05/23/2019,3229.95,3231.14,3194.45,3200.49
05/23/2019,3229.95,3231.14,3194.45,3200.49
05/23/2019,3229.95,3231.14,3194.45,3200.49
05/22/2019,3239.95,3245.78,3231.2,3238.07
05/21/2019,3249.61,3255.5,3232.91,3234.25
05/20/2019,3220.02,3253.05,3220.02,3250.98
05/17/2019,3222.44,3246.51,3217.64,3218.75
05/16/2019,3244.17,3244.18,3206.63,3217.58
05/16/2019,3244.17,3244.18,3206.63,3217.58
05/16/2019,3244.17,3244.18,3206.63,3217.58
05/15/2019,3246.33,3253.68,3231.84,3246.35
05/14/2019,3298.74,3298.74,3228.78,3244.73
05/13/2019,3298.74,3298.74,3276.58,3280.69
05/10/2019,3303.53,3327.95,3280.24,3301.38
05/09/2019,3343.98,3346.41,3298.06,3302.49
05/09/2019,3343.98,3346.41,3298.06,3302.49
05/09/2019,3343.98,3346.41,3298.06,3302.49
05/08/2019,3375.18,3375.18,3348.91,3350.81
05/07/2019,3380.87,3399.86,3374.55,3383.96
05/06/2019,3430.12,3430.53,3369.05,3379.5
05/03/2019,3416.57,3430.92,3402.87,3428.54
05/02/2019,3412.57,3420.93,3408.41,3417.57
05/02/2019,3412.57,3420.93,3408.41,3417.57
05/02/2019,3412.57,3420.93,3408.41,3417.57
05/01/2019,3412.95,3419.97,3412.72,3417.8
04/30/2019,3421.81,3421.96,3402.83,3411.43
04/29/2019,3408.4,3424.11,3406.76,3421.19
04/28/2019,3408.4,3408.4,3406.76,3408.4
04/26/2019,3402.81,3410.39,3388.73,3407.59
04/26/2019,3402.81,3410.39,3388.73,3407.59
04/26/2019,3402.81,3410.39,3388.73,3407.59
04/25/2019,3406.84,3406.84,3406.84,3406.84
04/24/2019,3419.07,3419.07,3419.07,3419.07
04/23/2019,3437.13,3439.61,3432.66,3432.79
04/22/2019,3427.4,3430.53,3423.75,3430.38
04/21/2019,3430.38,3435.78,3430.38,3430.38
04/19/2019,3431.35,3431.35,3429.81,3431.35
04/19/2019,3431.35,3431.35,3429.81,3431.35
04/19/2019,3431.35,3431.35,3429.81,3431.35
04/18/2019,3443.22,3443.73,3435.47,3436.02
04/17/2019,3459.19,3469.05,3458.84,3461.5
04/16/2019,3452.68,3466.3,3448.21,3453.27
04/15/2019,3430.77,3440.32,3430.77,3437.97
04/14/2019,3429.38,3460.26,3429.38,3429.38
04/12/2019,3424.02,3426.95,3424.02,3424.02
04/12/2019,3424.02,3426.95,3424.02,3424.02
04/12/2019,3424.02,3426.95,3424.02,3424.02
04/11/2019,3410.89,3412.28,3405.26,3411.18
04/10/2019,3435.02,3435.72,3408.54,3433.57
04/09/2019,3435.9,3435.9,3419.55,3431.03
04/08/2019,3435,3437.92,3426.89,3435.49
04/07/2019,3440.48,3448.06,3440.48,3440.48
04/05/2019,3438.8,3437.88,3437.88,3437.88
04/05/2019,3438.8,3437.88,3437.88,3437.88
04/05/2019,3438.8,3437.88,3437.88,3437.88
04/04/2019,3453.05,3445.75,3436.36,3441.02
04/03/2019,3421.27,3453.63,3447.22,3449.12
04/02/2019,3417.66,3427.39,3418.82,3425.92
04/01/2019,3361.02,3434.91,3361.02,3428.33
03/29/2019,3355.28,3367.84,3354.89,3363.47
03/28/2019,3368.49,3361.99,3346.57,3355.87
03/28/2019,3368.49,3361.99,3346.57,3355.87
03/28/2019,3368.49,3361.99,3346.57,3355.87
03/27/2019,3379.01,3379.41,3336.96,3350.46
03/26/2019,3357.75,3361.14,3356.39,3361.14
03/25/2019,3419.28,3383.49,3352.67,3367.91
03/22/2019,3419.3,3426.72,3418.91,3426.72
03/21/2019,3424.38,3431.15,3405.72,3422.82
03/21/2019,3424.38,3431.15,3405.72,3422.82
03/21/2019,3424.38,3431.15,3405.72,3422.82
03/20/2019,3421.36,3443.11,3432.69,3432.69
03/19/2019,3417.97,3424.37,3400.53,3412.42
03/18/2019,3391.49,3417.34,3412.15,3419.61
03/15/2019,3377.96,3390.03,3374.95,3390.03
03/14/2019,3388.41,3407.85,3388.41,3383.84
03/14/2019,3388.41,3407.85,3388.41,3383.84
03/14/2019,3388.41,3407.85,3388.41,3383.84
03/13/2019,3393.41,3402.32,3374.6,3393.76
03/12/2019,3349.69,3400.17,3366.98,3388.6
03/11/2019,3324.33,3367.36,3321.69,3363.65
03/08/2019,3369.76,3370,3320.99,3323.99
03/07/2019,3390.81,3391.68,3331.26,3334.12
03/07/2019,3390.81,3391.68,3331.26,3334.12
03/07/2019,3390.81,3391.68,3331.26,3334.12
03/06/2019,3392.43,3395.76,3377.46,3383.48
03/05/2019,3406.11,3406.55,3383.06,3393.87
03/04/2019,3404.16,3425.05,3377.53,3380.62
03/01/2019,3394.55,3407.73,3393.65,3404.92
02/28/2019,3430.15,3403.47,3394.18,3397.87
02/27/2019,3429.42,3451.88,3413.03,3414.84
02/26/2019,3440.36,3444.15,3442.17,3442.17
02/25/2019,3427.88,3422.35,3417.81,3422.35
02/22/2019,3418.05,3428.78,3426.12,3426.12
02/21/2019,3417.46,3405.46,3398.36,3405.46
02/20/2019,3387.56,3434.46,3404.91,3409.38
02/19/2019,3380.23,3412.23,3410.01,3410.01
02/18/2019,3348.6,3395.8,3379.26,3392.77
02/15/2019,3378.81,3379.44,3340.43,3346.68
02/14/2019,3375.5,3365.88,3359.75,3365.88
02/13/2019,3354.67,3382.23,3366.14,3378.46
02/12/2019,3337.86,3367.35,3364.02,3364.02
02/11/2019,3337.83,3349.41,3334.56,3336.03
02/08/2019,3356.04,3356.5,3338.11,3338.11
02/07/2019,3341.87,3327.72,3318.31,3327.72
02/06/2019,3347.1,3361.35,3339.11,3359.58
02/05/2019,3331.26,3354.13,3331.26,3346.78
02/04/2019,3332.74,3351.35,3346.16,3346.16
02/01/2019,3350.44,3334.85,3331.26,3334.85
01/31/2019,3331.75,3360.52,3342.57,3343.48
01/31/2019,3331.75,3360.52,3342.57,3343.48
01/31/2019,3331.75,3360.52,3342.57,3343.48
01/30/2019,3309.51,3360.48,3340.02,3340.02
01/29/2019,3325.65,3316.07,3299.8,3304.59
01/28/2019,3300.99,3300.99,3294.96,3300.99
01/27/2019,3331.55,3344.13,3331.55,3331.55
01/25/2019,3282.35,3329.41,3325.9,3325.9
01/24/2019,3272.79,3313.36,3281.23,3311.84
01/24/2019,3272.79,3313.36,3281.23,3311.84
01/24/2019,3272.79,3313.36,3281.23,3311.84
01/23/2019,3279.67,3283.81,3260.44,3276.18
01/22/2019,3297.01,3285.72,3267.09,3283.32
01/21/2019,3277.98,3299.35,3272.1,3287.3
01/18/2019,3256.88,3280.69,3256.81,3280.69
01/17/2019,3260.39,3284.33,3280.2,3280.2
01/17/2019,3260.39,3284.33,3280.2,3280.2
01/17/2019,3260.39,3284.33,3280.2,3280.2
01/16/2019,3263.24,3271.27,3249.13,3251.75
01/15/2019,3224.67,3266.9,3239.16,3244.92
01/14/2019,3249.34,3246.93,3220.32,3245.34
01/11/2019,3235.03,3254.11,3233.92,3249.8
01/10/2019,3242.4,3245.9,3244.92,3244.92
01/10/2019,3242.4,3245.9,3244.92,3244.92
01/10/2019,3242.4,3245.9,3244.92,3244.92
01/09/2019,3183.65,3244.18,3212.11,3214.49
01/08/2019,3178.91,3231.33,3229.54,3229.54
01/07/2019,3124.46,3187.75,3173.77,3176.71
01/04/2019,3092.04,3121.93,3119.6,3119.6
01/03/2019,3097.15,3099.55,3059.16,3079.1
01/03/2019,3097.15,3099.55,3059.16,3079.1
01/03/2019,3097.15,3099.55,3059.16,3079.1
01/02/2019,3144.37,3099.77,3080.93,3091.11
01/01/2019,3122.89,3122.89,3121.43,3122.89
12/31/2018,3146.06,3146.06,3141.21,3141.21
12/28/2018,3102.13,3123.91,3116.92,3116.92
12/27/2018,3062.48,3112.61,3095.21,3103.74
12/27/2018,3062.48,3112.61,3095.21,3103.74
12/27/2018,3062.48,3112.61,3095.21,3103.74
12/26/2018,3065.59,3121.98,3049.82,3065.59
12/25/2018,3066.87,3073.46,3064.95,3066.68
12/24/2018,3104.03,3104.42,3064.02,3065.21
12/21/2018,3120.82,3128.01,3105.06,3105.06
12/20/2018,3139.71,3080.92,3074.25,3080.92
12/20/2018,3139.71,3080.92,3074.25,3080.92
12/20/2018,3139.71,3080.92,3074.25,3080.92
12/19/2018,3137.43,3143.22,3133,3134.95
12/18/2018,3173.84,3146.74,3132.33,3143.36
12/17/2018,3158.68,3175.63,3150.16,3162.79
12/14/2018,3196.87,3199.04,3157.54,3157.54
12/13/2018,3176.9,3155.42,3148.12,3155.42
12/13/2018,3176.9,3155.42,3148.12,3155.42
12/13/2018,3176.9,3155.42,3148.12,3155.42
12/12/2018,3119.69,3211.23,3118.94,3190.65
12/11/2018,3118.82,3156.34,3156.18,3156.18
12/10/2018,3174.03,3123.87,3108.97,3115.62
12/07/2018,3178.71,3177.37,3173.5,3177.37
12/06/2018,3239.55,3194.84,3184.87,3184.87
12/06/2018,3239.55,3194.84,3184.87,3184.87
12/06/2018,3239.55,3194.84,3184.87,3184.87
12/05/2018,3274.54,3274.89,3170.63,3188.4
12/04/2018,3296.13,3297.95,3230.93,3238.04
12/03/2018,3232.86,3283.23,3275.78,3283.23
11/30/2018,3236.96,3230.34,3228.71,3230.34
11/30/2018,3236.96,3230.34,3228.71,3230.34
11/30/2018,3236.96,3230.34,3228.71,3230.34
11/29/2018,3235.19,3251.13,3232.22,3240.88
11/28/2018,3206.99,3258.09,3250.71,3250.71
11/27/2018,3199.45,3217.51,3194.51,3202.23
11/26/2018,3183.48,3206.51,3188.98,3193.22
11/23/2018,3186.31,3187.81,3187.81,3187.81
11/23/2018,3186.31,3187.81,3187.81,3187.81
11/23/2018,3186.31,3187.81,3187.81,3187.81
11/22/2018,3181.11,3192.73,3179.37,3183.47
11/21/2018,3196.86,3188.1,3174.76,3178.47
11/20/2018,3239.31,3240.35,3150.45,3157.37
11/19/2018,3229.42,3239.91,3193.76,3212.89
11/16/2018,3218.38,3228.81,3226.93,3226.93
11/16/2018,3218.38,3228.81,3226.93,3226.93
11/16/2018,3218.38,3228.81,3226.93,3226.93
11/15/2018,3195.26,3222.15,3202.26,3203.92
11/14/2018,3207.29,3180.55,3176.74,3180.55
11/13/2018,3225.18,3210.81,3194.13,3194.78
11/12/2018,3223.64,3161.69,3159.82,3161.69
11/09/2018,3268.5,3227.64,3220.49,3227.64
11/09/2018,3268.5,3227.64,3220.49,3227.64
11/09/2018,3268.5,3227.64,3220.49,3227.64
11/08/2018,3243.81,3272.7,3234.63,3239.63
11/07/2018,3242.69,3284.25,3226.51,3280.17
11/06/2018,3212.5,3252.08,3241.35,3246.21
11/05/2018,3255.39,3230.96,3199.16,3227.8
11/02/2018,3191.13,3266.57,3187.07,3255.09
11/02/2018,3191.13,3266.57,3187.07,3255.09
11/02/2018,3191.13,3266.57,3187.07,3255.09
11/01/2018,3167.72,3201.34,3197.63,3197.63
10/31/2018,3108.96,3178.21,3163.17,3163.79
10/30/2018,3109.33,3123.73,3109.21,3118.44
10/29/2018,3099.13,3123.42,3103.14,3122.63
10/26/2018,3117.87,3099.19,3115.66,3099.19
10/25/2018,3183.28,3128.48,3068.91,3121.82
10/25/2018,3183.28,3128.48,3068.91,3121.82
10/25/2018,3183.28,3128.48,3068.91,3121.82
10/24/2018,3188.89,3151.67,3144.44,3151.67
10/23/2018,3256.4,3207.19,3172.88,3189.02
10/22/2018,3248.01,3270.35,3241.16,3242.93
10/19/2018,3248.6,3254.69,3248.48,3248.48
10/18/2018,3256.39,3232.99,3219.99,3232.99
10/18/2018,3256.39,3232.99,3219.99,3232.99
10/18/2018,3256.39,3232.99,3219.99,3232.99
10/17/2018,3249.77,3263.13,3253.21,3257.59
10/16/2018,3227.41,3274.77,3227.41,3265.27
10/15/2018,3265.04,3257.93,3221.94,3242.54
10/12/2018,3230.1,3267.67,3266.71,3266.71
10/11/2018,3345.19,3345.27,3220.17,3227.56
10/11/2018,3345.19,3345.27,3220.17,3227.56
10/11/2018,3345.19,3345.27,3220.17,3227.56
10/10/2018,3347.41,3302.6,3297.32,3302.6
10/09/2018,3357.61,3357.94,3342.56,3343.63
10/08/2018,3368.22,3347.98,3339.06,3347.98
10/05/2018,3372.27,3372.27,3367.97,3372.27
10/04/2018,3380.41,3392.17,3379.69,3388.57
10/04/2018,3380.41,3392.17,3379.69,3388.57
10/04/2018,3380.41,3392.17,3379.69,3388.57
10/03/2018,3431.37,3439.08,3430.22,3435.08
10/02/2018,3454.61,3456.58,3450.33,3452.15
10/01/2018,3504.19,3509.61,3504.11,3509.05
09/30/2018,3503.9,3505.74,3503.9,3503.9
09/28/2018,3510.92,3510.92,3510.92,3510.92
09/28/2018,3510.92,3510.92,3510.92,3510.92
09/28/2018,3510.92,3510.92,3510.92,3510.92
09/27/2018,3502.02,3516.95,3500.26,3502.78
09/26/2018,3504.96,3515.79,3500.84,3507.69
09/25/2018,3481.63,3488.49,3481.63,3485.14
09/24/2018,3478.91,3486.14,3477.36,3485.52
09/23/2018,3502.38,3503.33,3502.38,3502.38
09/21/2018,3504.11,3508.44,3504.11,3504.11
09/21/2018,3504.11,3508.44,3504.11,3504.11
09/21/2018,3504.11,3508.44,3504.11,3504.11
09/20/2018,3491.47,3493.62,3486.23,3492.34
09/19/2018,3476.53,3489.92,3476.53,3479.27
09/18/2018,3446.77,3457,3446.77,3452.93
09/17/2018,3421.41,3428.25,3415.37,3426.08
09/16/2018,3438.97,3439.66,3438.97,3438.97
09/14/2018,3443.41,3448.36,3443.41,3443.41
09/14/2018,3443.41,3448.36,3443.41,3443.41
09/14/2018,3443.41,3448.36,3443.41,3443.41
09/13/2018,3413.76,3428.54,3413.76,3428.4
09/12/2018,3384.97,3395.02,3384.97,3394.63
09/11/2018,3368.23,3370.85,3356.17,3366.4
09/10/2018,3372.18,3375.61,3370.15,3374.87
09/09/2018,3383.91,3389.89,3383.91,3383.91
09/07/2018,3388.6,3392.91,3388.6,3388.6
09/07/2018,3388.6,3392.91,3388.6,3388.6
09/07/2018,3388.6,3392.91,3388.6,3388.6
09/06/2018,3387.79,3387.79,3370.16,3379.96
09/05/2018,3384.15,3392.54,3379.99,3383.99
09/04/2018,3429.96,3430.5,3423.03,3423.15
09/03/2018,3431.85,3431.85,3419.83,3424.14
09/02/2018,3451.18,3451.18,3451.18,3451.18
08/31/2018,3459.39,3459.39,3459.39,3459.39
08/30/2018,3478.44,3478.52,3454.91,3473.95
08/30/2018,3478.44,3478.52,3454.91,3473.95
08/30/2018,3478.44,3478.52,3454.91,3473.95
08/29/2018,3508.5,3516.22,3503.5,3504.57
08/28/2018,3493.71,3499.31,3492.16,3493.14
08/27/2018,3483.33,3498.73,3483.32,3493.88
08/26/2018,3439.5,3439.5,3439.5,3439.5
08/24/2018,3430.83,3435.29,3430.83,3430.83
08/23/2018,3417.98,3418.33,3408.14,3415.77
08/23/2018,3417.98,3418.33,3408.14,3415.77
08/23/2018,3417.98,3418.33,3408.14,3415.77
08/22/2018,3447.42,3450.54,3415.31,3435.84
08/21/2018,3443.17,3444.68,3433.02,3443.44
08/20/2018,3453.81,3454.51,3432.26,3443.65
08/19/2018,3424.15,3424.15,3415.88,3424.15
08/17/2018,3422.2,3425.31,3422.2,3422.2
08/16/2018,3414.45,3416.82,3410.55,3411.04
08/16/2018,3414.45,3416.82,3410.55,3411.04
08/16/2018,3414.45,3416.82,3410.55,3411.04
08/15/2018,3411.91,3415.91,3384.21,3397.12
08/14/2018,3435.49,3437.49,3425.61,3425.61
08/13/2018,3423.73,3431.49,3422.53,3429.88
08/12/2018,3471.22,3471.51,3471.22,3471.22
08/10/2018,3478.14,3478.14,3473.04,3478.14
08/09/2018,3508.27,3508.67,3498.52,3499.52
08/09/2018,3508.27,3508.67,3498.52,3499.52
08/09/2018,3508.27,3508.67,3498.52,3499.52
08/08/2018,3516.21,3516.21,3502.17,3511.2
08/07/2018,3494.85,3501.97,3494.55,3498.89
08/06/2018,3469.37,3470.33,3462.1,3464.41
08/05/2018,3451.87,3480.41,3451.46,3451.87
08/03/2018,3448.43,3448.43,3437.88,3448.43
08/02/2018,3457.85,3458.39,3447.72,3450.07
08/02/2018,3457.85,3458.39,3447.72,3450.07
08/02/2018,3457.85,3458.39,3447.72,3450.07
08/01/2018,3510.31,3510.31,3503.4,3504.19
07/31/2018,3499.68,3513.98,3498.19,3512.11
07/30/2018,3495.21,3498.24,3488.2,3490.39
07/29/2018,3494.18,3494.18,3483.3,3494.18
07/27/2018,3495.16,3496.99,3495.16,3495.16
07/26/2018,3474.61,3480.01,3470.3,3477.07
07/26/2018,3474.61,3480.01,3470.3,3477.07
07/26/2018,3474.61,3480.01,3470.3,3477.07
07/25/2018,3489.09,3496.85,3483.96,3488.29
07/24/2018,3464.79,3470.21,3460.52,3465.28
07/23/2018,3440,3443.39,3434.43,3437.53
07/22/2018,3434.92,3453.18,3434.33,3434.92
07/20/2018,3431.74,3437.21,3431.74,3431.74
07/19/2018,3404.75,3405.98,3387.31,3405.55
07/19/2018,3404.75,3405.98,3387.31,3405.55
07/19/2018,3404.75,3405.98,3387.31,3405.55
07/18/2018,3411.43,3431.48,3407.43,3412.56
07/17/2018,3409.86,3423.97,3408.2,3410.28
07/16/2018,3407.38,3417.38,3397.8,3414.83
07/15/2018,3413.23,3420.06,3413.23,3413.23
07/13/2018,3415.87,3420.36,3415.87,3415.87
07/12/2018,3400.01,3405.32,3399.77,3401.99
07/12/2018,3400.01,3405.32,3399.77,3401.99
07/12/2018,3400.01,3405.32,3399.77,3401.99
07/11/2018,3376.09,3381.34,3370.57,3380.07
07/10/2018,3395.84,3397.07,3356.82,3384.98
07/09/2018,3400.46,3416.6,3400.46,3411.04
07/08/2018,3366.01,3366.01,3364.86,3366.01
07/06/2018,3362.79,3371.59,3362.79,3362.79
07/05/2018,3350.92,3363.61,3342.81,3360.9
07/05/2018,3350.92,3363.61,3342.81,3360.9
07/05/2018,3350.92,3363.61,3342.81,3360.9
07/04/2018,3360.11,3360.11,3354.5,3354.5
07/03/2018,3361.92,3379.7,3352.12,3358.42
07/02/2018,3369.32,3373.03,3328.37,3367.68
07/01/2018,3409.51,3409.51,3409.51,3409.51
06/29/2018,3411.53,3414.1,3411.53,3411.53
06/29/2018,3411.53,3414.1,3411.53,3411.53
06/29/2018,3411.53,3414.1,3411.53,3411.53
06/28/2018,3375.74,3377.95,3369.38,3370.48
06/27/2018,3376.73,3385.32,3372.58,3374.75
06/26/2018,3404.93,3409.9,3402.8,3404.71
06/25/2018,3403.88,3406.12,3387.1,3405.34
